Fuller,Corcoran,full-corcora@arvinmeritor.info
Serafino,Kenworthy,seraf-kenworthy@autozone-inc.info
Carlota,Barringer,carlo-bar@acusage.net
Amdis,Jefferson,amd-jef@progressenergyinc.info
Ashley,Sorenson,ashley.sore@arvinmeritor.info
Tahira,Nilsson,tah.nil@diaperstack.com
Aziza,Coke,aziz-co@egl-inc.info
Sudeva,Hazzard,sudehazz@careful-organics.org
Oswin,Koury,oswiko@autozone-inc.info
Melvin,Lindquist,melvi_lindquist@careful-organics.org
Hercules,Claiborne,hercule_claibor@autozone-inc.info
Amdis,Claiborne,amcl@careful-organics.org
Eleanor,Galloway,elegalloway@diaperstack.com
Okko,Motz,ok.motz@progressenergyinc.info
Similien,Gallop,si-gall@careful-organics.org
Balthazar,Wilmore,bal.wil@arketmay.com
Durga,Deines,durdein@arketmay.com
Parnella,Schaffer,parnell-sch@autozone-inc.info
Luna,Melson,lumelson@acusage.net
Avanus,Green,avan_po@egl-inc.info
Oksana,LeGrange,oksa_deit@careful-organics.org
Majondra,Brown,majon.tindal@arketmay.com
Aneurin,Angles,ane.arguelles@careful-organics.org
Marielle,Short,marie.depe@consolidated-farm-research.net
Andy,Brown,andy.st@autozone-inc.info
Iorweth,Love,iorwe_arms@autozone-inc.info
Finnegan,Shawn,finsan@diaperstack.com
Derex,Heller,dere.herma@careful-organics.org
Madhavi,Williams,madhavi_weig@arketmay.com
Chandler,Ramon,chan-ram@careful-organics.org
Githa,John,gijohn@egl-inc.info
Brodie,Herren,broherren@acusage.net
Crewe,Shouse,crewshou@careful-organics.org
Wahnond,Tindal,wah.tinda@arketmay.com
Zeeman,Haddox,zehadd@egl-inc.info
Ellard,Shouse,ell-shous@acusage.net
Amul,Weight,amu.weig@progressenergyinc.info
Melanie,Lockwood,melanilockwo@autozone-inc.info
Keane,Nigh,kean.nig@consolidated-farm-research.net
Ritter,Whittenburg,rittwhitten@acusage.net
Jilli,McPeek,jilli-mc@acusage.net
Sumati,Markey,su_mark@diaperstack.com
May,McBeth,may-mcb@consolidated-farm-research.net
Calliope,Pelton,calliop.pe@arvinmeritor.info
Hobart,Lindquist,holin@egl-inc.info
Payge,Claiborne,payg.claiborn@autozone-inc.info
Emina,Savard,emi-sava@careful-organics.org
Tuncer,Stecker,tuncer.steck@arketmay.com
Rain,Bargas,raibarg@egl-inc.info
Serafino,Mentzer,serafino-ment@acusage.net
Mayuko,McBeth,mayu-mcbeth@acusage.net
Pryor,Sites,pr-si@consolidated-farm-research.net
Saunderson,Alvis,saalvi@progressenergyinc.info
Yvonne,Wedge,yv.wedge@careful-organics.org
Ranulf,Mowrey,ranulf_mowrey@progressenergyinc.info
Amita,Sabella,amit_sabell@careful-organics.org
Zee,Holifield,zeeho@arketmay.com
Cleva,Cowen,clevacowe@diaperstack.com
Moon,Robie,moo-robi@arketmay.com
Ismael,Dollar,ism_dol@diaperstack.com
Mitsuko,Mortimer,mitsuko_mortimer@egl-inc.info
Oswin,Silva,ossilva@arketmay.com
Araxie,McBeth,aramcb@acusage.net
Bardo,Corcoran,bardo.cor@diaperstack.com
Arnisha,Teer,arnis.te@egl-inc.info
Thurso,Spangenberg,th.spangenber@egl-inc.info
Narelle,Stahl,narestahl@arketmay.com
Eartha,Sylvain,ear.sylv@egl-inc.info
Branwen,Fitzwater,brfit@consolidated-farm-research.net
Claudette,Kowalczyk,cl.kowal@progressenergyinc.info
Pavel,Burge,pa.burge@arketmay.com
Wenceslas,Claiborne,we.claiborn@acusage.net
Aasia,Malley,aasimalley@acusage.net
Gideon,Umana,giduma@careful-organics.org
Linford,Spitzer,lin.spitze@autozone-inc.info
Ptolema,Manning,pto-manni@egl-inc.info
Dillon,Godby,di-godby@arvinmeritor.info
Julie,Chinn,ju.chinn@arketmay.com
Selda,Escobedo,seld_escobe@acusage.net
Trilby,Bartling,trilba@consolidated-farm-research.net
Rinzen,Cassano,rinzen.cas@arketmay.com
Itziamar,Patch,itzpat@consolidated-farm-research.net
Prisha,Garzon,pris.garz@egl-inc.info
Delta,Feltman,del_feltma@arvinmeritor.info
Shako,Magers,shak.mag@consolidated-farm-research.net
Kendrick,Stiles,kendrick.st@arketmay.com
Selma,Boutin,selma.bo@diaperstack.com
Ptolema,Marr,pt_mar@consolidated-farm-research.net
Finian,Matzke,finian.ma@autozone-inc.info
Carr,Albert,carr.alber@progressenergyinc.info
Kolya,Garzon,kolya.garz@diaperstack.com
Rihana,Baptiste,rihanaba@progressenergyinc.info
Rosabelle,Cumming,rosabel.cumm@autozone-inc.info
Jena,Finch,jenfin@diaperstack.com
Uta,Loucks,utlo@careful-organics.org
Julie,Albert,julialber@careful-organics.org
Barretta,Chinn,barchinn@progressenergyinc.info
Selim,Nations,selim.natio@diaperstack.com
Gerarda,Shelley,geshe@careful-organics.org
Barbie,Baptiste,barbi-bapti@arvinmeritor.info
Abrienda,Mahn,abrienda.mahn@diaperstack.com
Bryher,Bloom,bryhe-bloom@progressenergyinc.info
Aricin,Oster,ariost@arketmay.com
Euridice,Hussey,euridic.huss@consolidated-farm-research.net
Ptolema,Faulkenberry,ptolem_fa@autozone-inc.info
Zenon,Rowan,ze.ro@progressenergyinc.info
Whittaker,Cassano,whittcass@consolidated-farm-research.net
Iravan,Boettcher,irava.boett@careful-organics.org
Stillman,Winslow,stillman.winslo@progressenergyinc.info
Leauna,Shuey,leau.shu@autozone-inc.info
Orazio,Bracy,orazbr@consolidated-farm-research.net
Ptolema,Janke,pt.jan@careful-organics.org
Fitch,Cassano,fitchcassan@arvinmeritor.info
Dunmore,Oster,du-os@egl-inc.info
Sagar,Cumming,sa.cu@careful-organics.org
Delta,Delafuente,deltadelafuen@acusage.net
Hussain,Ceron,hussain-cer@careful-organics.org
Kalden,Grieve,kalden_gri@diaperstack.com
Ventura,Umana,ventu-uma@arvinmeritor.info
Abdel,Nations,abdel.nat@progressenergyinc.info
Mackenzie,Conlon,ma.conlo@consolidated-farm-research.net
Duena,Nations,duen.nation@acusage.net
Selim,Ponte,selponte@arketmay.com
Schmetterling,Ellerbe,schmetterlin.ellerbe@diaperstack.com
Sangmu,Wittman,sang.wi@diaperstack.com
Brighton,Milian,brightomilia@autozone-inc.info
Aubert,Bast,aube-ba@careful-organics.org
Hortensio,Vinton,hortensvi@arketmay.com
Jerarda,McAndrew,jer.mcandre@arketmay.com
Fayne,McLean,faynmcle@arketmay.com
Savannah,Zeller,savann-zeller@acusage.net
Annissa,Embry,annissem@arketmay.com
Noelani,Dudgeon,noela-dudg@progressenergyinc.info
Denver,Frame,denvefr@arketmay.com
Dorset,Leath,dole@arketmay.com
Noelani,Vargo,no.va@careful-organics.org
Kali,Bellamy,kalibell@arvinmeritor.info
Clarinda,Mazon,clarinda.maz@egl-inc.info
Jordane,Franko,jorfr@acusage.net
Minna,Wegener,mi.wegene@progressenergyinc.info
Aeryn,Collette,aerycoll@arvinmeritor.info
Reba,Bradfield,reba-bradfiel@arketmay.com
Tadc,Pletcher,ta_pletc@careful-organics.org
Howie,Campos,ho-ca@careful-organics.org
Hema,Langham,hem.lang@consolidated-farm-research.net
Hadassa,Matteson,hadass_matt@diaperstack.com
Henrik,Kamara,henrik.kam@careful-organics.org
Mabon,Veras,mab.ve@acusage.net
Magara,Tank,mata@autozone-inc.info
Lateefah,Finkle,latfi@arvinmeritor.info
Macdonald,Landaverde,mac.lan@arvinmeritor.info
Jilly,Bryce,ji.bry@consolidated-farm-research.net
Fairuza,Lippert,fai-lippert@progressenergyinc.info
Odessa,Varley,odes.varley@consolidated-farm-research.net
Mab,Dimond,mab-dimon@egl-inc.info
Uriah,Hayward,ur-hayw@arketmay.com
Bernadette,Brown,brenna@gmail.com
Bernidette,Green,beetsgreens@aol.com
Bernadette,Chiarieri,chiarieri09@outlook.com
Bernidette,ONiell,boniell@gmail.com
Bernadette,Love,skatergirl12@yahoo.com
Brenda,Song,singer12@outlook.com
Bernadette,Greenfield,eastwashington@gmail.com
Bernadette,Stronghourse,stronghourse1516@gmail.com
Beradet,Haplin,bhaplin1234@outlook.com
Brenden,Brown,brendenbrown@gmail.com
Amie,Napoleon,am.napol@progressenergyinc.info
Fujita,Finkle,fuji_fink@diaperstack.com
Amabel,McAndrew,amab_mcandre@arvinmeritor.info
Townsend,Grandstaff,to-grandstaf@diaperstack.com
Abaddon,Mazon,abaddonmazon@arvinmeritor.info
Mathea,Bolger,matheabo@progressenergyinc.info
Maren,Lippert,mar.li@progressenergyinc.info
Gudrun,Prouty,gudru-pro@autozone-inc.info
Algerine,Germany,al.germa@arketmay.com
Antonio,Fye,anton_fy@diaperstack.com
Avenall,Pouliot,avpou@consolidated-farm-research.net
Slate,Reilly,slate-reilly@arketmay.com
Surotama,Newberg,su.new@consolidated-farm-research.net
Raine,Woodside,rawoodside@careful-organics.org
Shea,Koop,she-koop@acusage.net
Kavan,Fasano,kava_fasano@progressenergyinc.info
Prospera,Pendergraft,prospera-pender@arvinmeritor.info
Peace,Searcy,peacesear@consolidated-farm-research.net
Tanushi,Little,talit@diaperstack.com
Edna,Thai,ednatha@careful-organics.org
Aroon,Srinivasan,aroo_srinivasan@careful-organics.org
Damalis,Elmore,daelmo@egl-inc.info
Monique,Denning,monique_denning@progressenergyinc.info
Inga,Yardley,in_yar@egl-inc.info
Zahara,Storey,zasto@arvinmeritor.info
Leoda,Brammer,leobra@acusage.net
Thaman,Storer,thastorer@autozone-inc.info
Dural,Groves,dura-gr@consolidated-farm-research.net
Lucie,Guyette,luciguy@arvinmeritor.info
Janette,Woodbury,jan.woodbu@egl-inc.info
Kambo,Norvell,ka.norvell@acusage.net
Durjaya,Blazer,durblaze@egl-inc.info
Edrea,Boudreaux,edrea-bou@arvinmeritor.info
Hussain,Melgar,hussainmelg@arketmay.com
Bina,Clack,bi.cla@diaperstack.com
Arley,Leal,arle_le@diaperstack.com
Sheryl,Gearhart,sheryl_ge@autozone-inc.info
Merlin,Stacy,merl_sta@diaperstack.com
Tiernan,Coppola,tier_copp@consolidated-farm-research.net
Ariene,Ezzell,arien.ezzel@diaperstack.com
Feroz,Blazer,fero.bla@arvinmeritor.info
Allirea,Coppola,alli.cop@arvinmeritor.info
Yindi,Leal,yilea@egl-inc.info
Giordano,Opperman,giorda_opperma@arvinmeritor.info
Devang,Gearhart,de.ge@diaperstack.com
Sheryl,Hillyer,sherylhillye@arvinmeritor.info
Kulvir,Freshour,kulvfreshour@careful-organics.org
Allirea,Weishaar,al_weishaa@acusage.net
Lauchlan,Salvador,lau.salvad@diaperstack.com
Rory,Loftin,ror_lo@autozone-inc.info
Brenda,Lovelace,lovelacebrenda@gmail.com
Bernadette,Smith,bsmith64@gmail.com
Bernidette,Showman,showmanb@gmail.com
Bernadette,Short,bshortsoccer@outlook.com
Bernadette,Mackey,bernadettemackey34@gmail.com
Bernadette,Vega,orthopaedicsillinois@outlook.com
Berandette,Daskal,dbernadette@gmail.com
Brenden,Bartell,bartell0101@aol.com
Bernadette,Gorgio,gorgiofamily@outlook.com
Bernadette,Longerman,bernadettelongerman@gmail.com
Alanna,Gates,alannagat@egl-inc.info
Jered,Hogue,je.hogue@consolidated-farm-research.net
Vyvyan,Atterberry,vyv-atterber@diaperstack.com
Voltimand,Heffner,voltiheffner@arvinmeritor.info
Yolanda,Carswell,yol.cars@arketmay.com
Dedric,Woodley,dedriwo@arvinmeritor.info
Myrna,Yonker,myrna.yon@careful-organics.org
Rycroft,Schooler,ry-scho@acusage.net
Carlyle,Snyder,carlyle.snyde@egl-inc.info
Mohin,Snyder,mosnyder@acusage.net
Matari,Damron,mata.damro@progressenergyinc.info
Brock,Weishaar,broc.weish@arketmay.com
Rory,Haigler,rohai@autozone-inc.info
Elward,Lin,elward.lin@arvinmeritor.info
Akiva,Arzola,akivaar@arketmay.com
Aroon,Powell,aroopo@progressenergyinc.info
Matari,Salvador,mata_salvad@arvinmeritor.info
Galeno,Robinette,galerobine@acusage.net
Decker,Armas,deckearm@arvinmeritor.info
Erlina,Mazzella,erl.mazzella@arvinmeritor.info
Conor,Oswald,co-oswal@progressenergyinc.info
Askini,Kifer,askin.kifer@arvinmeritor.info
Ross,Ohman,roohm@arvinmeritor.info
Chris,Crouch,ch.cro@egl-inc.info
Burr,Vanzandt,burrva@egl-inc.info
Mahina,Grey,ma-gre@acusage.net
Joaquin,Schoen,joaquischoe@consolidated-farm-research.net
Azura,Degraw,az-de@progressenergyinc.info
Natane,Grey,natane.gr@egl-inc.info
Jalen,Knop,jalen.knop@acusage.net
Dee,Garlock,de.gar@arvinmeritor.info
Okalani,McElfresh,oka-mcel@consolidated-farm-research.net
Niobe,Walk,niowa@careful-organics.org
Dannell,Mccauley,danne-mc@arvinmeritor.info
Euphemia,Schoen,euphemischoen@arketmay.com
Anika,Eliason,anieli@arvinmeritor.info
Chris,Demuth,chdem@arvinmeritor.info
Shiloh,Demuth,shi.demut@arketmay.com
Sorrel,Moses,sorr.mose@arketmay.com
Irene,Sainz,ire.sa@autozone-inc.info
Arda,Bobb,ard-bo@consolidated-farm-research.net
Hiten,Studer,hit_st@arvinmeritor.info
Brietta,Kiser,brkise@acusage.net
Jamesina,Reza,jamesire@egl-inc.info
Kirkley,Kifer,kirk_kif@consolidated-farm-research.net
Erlina,Studer,erlinstude@arvinmeritor.info
Zoard,Melin,zoard.melin@diaperstack.com
Ireta,Augustin,ir.augustin@autozone-inc.info
Rinako,Butters,rinakbutte@arketmay.com
Leslie,Carrico,le.carrico@autozone-inc.info
Geranium,Joy,geran-joy@acusage.net
Jalil,Holstein,jaholstein@diaperstack.com
Orelia,Kiser,orki@arketmay.com
Anscom,White,anscwhite@consolidated-farm-research.net
Kale,Shepard,kal.shepa@arvinmeritor.info
Abenzio,Oaks,abenzi.oak@egl-inc.info
Joaquin,Rasmussen,jo.rasm@autozone-inc.info
Agatha,Newcomer,ag-newcomer@acusage.net
Aimon,Moses,aimon.mo@diaperstack.com
Carnation,Broyles,car_broyle@careful-organics.org
Manus,Rawlings,ma.rawli@acusage.net
Manus,Degraw,ma.degr@careful-organics.org
Lizbeth,Vito,lizbe.vit@egl-inc.info
Lillie,Cerrone,lillie-cerron@autozone-inc.info
Saloni,Saunders,salon_saun@acusage.net
Tenzing,Eliason,tenz-el@egl-inc.info
Chata,Grey,ch-gr@arketmay.com
Tuvya,Ferland,tuv_ferland@progressenergyinc.info
Linley,Sandford,linle_sandfo@consolidated-farm-research.net
Kolos,Seaton,kolos.se@arketmay.com
Arnall,Warnock,arnalwar@acusage.net
Kate,Hunter,ka-hunte@progressenergyinc.info
Zero,Thurman,zerothur@careful-organics.org
Safak,Nero,saf.nero@arvinmeritor.info
Lindley,Rolling,lind-rolli@egl-inc.info
Sangmu,Patten,san.patt@consolidated-farm-research.net
Ehno,Ugalde,ehug@egl-inc.info
Moira,Holton,moi.ho@consolidated-farm-research.net
Rumiko,Peer,rupee@acusage.net
Bjorn,Fletcher,bj_fletcher@egl-inc.info
Melisande,Bay,mel-bay@arvinmeritor.info
Accursius,Duell,accursius.due@diaperstack.com
Balint,Fackler,balintfackl@egl-inc.info
Trind,Paulk,tr.paul@consolidated-farm-research.net
Orton,Viers,orton-viers@arketmay.com
Patamon,Seaman,patam.seam@acusage.net
Arran,Hysell,arra.hyse@acusage.net
Netty,Degroot,nettydegro@acusage.net
Lawson,Isom,lawso_is@autozone-inc.info
Nicol,Wible,nico.wib@acusage.net
Zera,Sutherland,ze.suthe@progressenergyinc.info
Iseult,Story,iseul.story@arketmay.com
Acton,Younkin,acto-you@progressenergyinc.info
Tuvya,Groves,tugrov@diaperstack.com
Yoshiko,Vivian,yoshi.vi@autozone-inc.info
Trind,Stiner,tr-st@acusage.net
Bunny,Degroot,bun-degroot@acusage.net
Vincentia,Byrd,vinc.by@careful-organics.org
Thara,Vivian,thar-viv@careful-organics.org
Deepti,Marcoux,deepti_ma@consolidated-farm-research.net
Saxon,Min,saxomin@diaperstack.com
Peder,Imel,pede.ime@arvinmeritor.info
Moss,Ferrara,mos-ferr@arvinmeritor.info
Brooke,Min,brmin@autozone-inc.info
Florine,Younkin,flo.you@egl-inc.info
Woody,Paris,woody.par@arketmay.com
Moira,Tinkham,moi_tinkha@arketmay.com
Bajnok,Cork,bajn.cork@consolidated-farm-research.net
Coltin,Pichardo,coltin.pichardo@arketmay.com
Nova,Blais,noblais@autozone-inc.info
Bronte,Chong,bron.chong@autozone-inc.info
Rudy,Younkin,ru.younkin@consolidated-farm-research.net
Gillet,Havard,gi_havard@autozone-inc.info
Sherrie,Brault,sherrie.bra@careful-organics.org
Celestyn,Trail,cel_trail@autozone-inc.info
Kisa,Edinger,ki.ed@arketmay.com
Melisande,Yin,melisandyin@careful-organics.org
Darrene,Blake,darr_bla@arketmay.com
Onslow,Centers,oncen@acusage.net
Melda,Szczepanski,meldaszc@autozone-inc.info
Silvestra,Robin,silvestraro@egl-inc.info
Athol,Obregon,ath.obre@progressenergyinc.info
Nino,Heatherly,ni-heather@consolidated-farm-research.net
Raghnall,Chee,raghnach@autozone-inc.info
Azariah,Krupa,azaria_krup@consolidated-farm-research.net
Eyota,Merrell,ey-merr@acusage.net
Innocent,Winget,innocenwing@egl-inc.info
Barlow,Muller,barlo.muller@egl-inc.info
Newbold,Budd,ne.bu@diaperstack.com
Samye,Forsberg,sa_fors@careful-organics.org
Vibhuti,Balderrama,vi.balderram@careful-organics.org
Vida,Heatherly,vida.heatherly@consolidated-farm-research.net
Ariella,Oceguera,aroceguera@arketmay.com
Urvan,Schoenberger,urvanscho@arvinmeritor.info
Snorre,Burnside,snorr.burnside@autozone-inc.info
Antonia,Loaiza,antoni_loai@autozone-inc.info
Okelani,Tolle,okelani.tolle@arketmay.com
Haley,Haggard,ha.ha@consolidated-farm-research.net
Mica,Gascon,mica-gasco@arketmay.com
Alfred,Searle,alfre.sear@acusage.net
Alton,Gard,alto.gar@arketmay.com
Ahimsa,Imhoff,ahimsa.imho@acusage.net
Snorre,Sheehy,snorr_shee@egl-inc.info
Konstantin,Elms,ko.elm@diaperstack.com
Ned,Juhl,nejuh@progressenergyinc.info
Maliha,Rule,ma.rule@diaperstack.com
Shashi,Ritchie,sh.ritch@arketmay.com
Bacchus,Byerly,bacch_byerl@acusage.net
Rudd,Juhl,rud-juhl@egl-inc.info
Boa,Doucet,bodouc@acusage.net
Derwin,Styles,der.style@autozone-inc.info
Jessie,Feltman,jessiefe@progressenergyinc.info
Larry,Balderrama,larry.balderram@progressenergyinc.info
Maitane,Chee,maitan.chee@arvinmeritor.info
Adlai,Sturdivant,adlasturdiva@acusage.net
Prima,Gerdes,prigerde@progressenergyinc.info
Cinnamon,Godlewski,cin.godlew@egl-inc.info
Somerset,Feltman,somers.feltma@arvinmeritor.info
Weema,Szczepanski,weemaszczepanski@progressenergyinc.info
Ajayi,Imhoff,aj.imh@arvinmeritor.info
Mandu,Beaumont,man_beau@arvinmeritor.info
Hridayesh,Merrell,hrmer@arketmay.com
Niels,Sheehy,nisheehy@careful-organics.org
Brae,Secrest,bra.se@diaperstack.com
Shashi,Schantz,shash-scha@arketmay.com
Dana,Haggard,da-haggard@arketmay.com
Phylicia,Gelman,ph.gel@arvinmeritor.info
Gay,Gossard,ga.gossard@autozone-inc.info
Yorick,Infante,yori.infante@arketmay.com
Larry,Schram,la.sch@autozone-inc.info
Jamie,Prickett,jami_prickett@egl-inc.info
Twyla,Eck,tw_ec@progressenergyinc.info
Farid,Tandy,farid.tandy@progressenergyinc.info
Fenella,Bugg,fenel.bugg@consolidated-farm-research.net
Bayard,Rasheed,ba.rashee@egl-inc.info
Marot,Stemple,marot.stemp@progressenergyinc.info
Vaisakhi,Master,vaisakh-mas@acusage.net
Renny,Stemple,renn.ste@diaperstack.com
Vinvella,Teeter,vinvella_te@arvinmeritor.info
Ademia,Havel,ade.ha@autozone-inc.info
Carling,Habib,carl-ha@progressenergyinc.info
Annunziata,Motsinger,annun.motsinge@consolidated-farm-research.net
Yarrah,Lineberger,yarra.lineberg@diaperstack.com
Latoya,Hammon,latoy.hammo@arketmay.com
Dutch,McKeen,dutch_mcke@arvinmeritor.info
Eilis,Scarbrough,eilis_sca@diaperstack.com
Jabir,Laing,jabir_lai@consolidated-farm-research.net
Lawton,Gwyn,la_gw@egl-inc.info
Palomi,Gossard,palomi.goss@progressenergyinc.info
Maiya,Stall,maiystal@diaperstack.com
Neena,Havel,ne.have@progressenergyinc.info
Matari,Huff,mata-huff@progressenergyinc.info
Allyson,Aguillon,allyso.aguillo@arvinmeritor.info
Tarquin,Rieger,tarrieger@consolidated-farm-research.net
Orvokki,Reuter,orvokki.reu@careful-organics.org
Latif,Lucht,la-lucht@arketmay.com
Hadria,Barnard,hadr.bar@autozone-inc.info
Ric,Krier,ric.kri@consolidated-farm-research.net
Carew,McDonagh,care_mcdona@careful-organics.org
Clementine,Barnard,cleme.barnar@diaperstack.com
Evania,Fowler,ev_fowl@careful-organics.org
Rab,McKeen,rab.mc@egl-inc.info
Ushnisha,Hitchcock,ushn.hitc@autozone-inc.info
Carin,Coddington,ca.coddington@autozone-inc.info
Udeh,Gwyn,ud.gwy@acusage.net
Belvia,Gerson,belger@diaperstack.com
Sybil,Hartzler,sybil-ha@autozone-inc.info
Bhavya,Master,bha-mas@careful-organics.org
Akili,Bullen,ak_bull@progressenergyinc.info
Amherst,Randall,amherst_ran@autozone-inc.info
Lorin,Laing,lori.lain@acusage.net
Brychan,Hartzler,brycha_har@arvinmeritor.info
Terrence,Rieger,te-ri@consolidated-farm-research.net
Bertram,Battaglia,berbattagl@acusage.net
Armande,Duong,armand_duong@egl-inc.info
Walenty,Rideout,walen.rideou@diaperstack.com
Yudhajit,Gaskill,yudhaji.gask@consolidated-farm-research.net
Lang,Thurmond,langth@progressenergyinc.info
Merrill,Giesler,merrillgies@egl-inc.info
Ellis,Duclos,elli.duclo@autozone-inc.info
Lareyne,Eidson,lareyneeid@progressenergyinc.info
Siddel,Valerio,sidde-valer@progressenergyinc.info
Grayson,Plank,gr-plank@careful-organics.org
Fay,Scheid,fay-scheid@acusage.net
Myfanwy,Fuson,myfanw.fuso@progressenergyinc.info
Gita,Thurmond,gi.thurm@progressenergyinc.info
Marelda,Dong,ma_do@diaperstack.com
Roslyn,Ransom,ros.ran@arketmay.com
Tane,Wein,tawe@autozone-inc.info
Samson,Grey,greysam@gmail.com
Samson,Smith,smithsamson@yahoo.com
Samson,Clark,clark788@gmail.com
Samson,Baker,sbaker@gmail.com
Samson,Lee,leesamson@gmail.com
Samson,Hall,samson-hall@gmail.com
Samson,Roberts,samson-roberts@gmail.com
Samson,Mitchell,mitch234@yahoo.com
Rosine,Bolan,rosine_bola@careful-organics.org
Jakub,Dong,jakub.do@careful-organics.org
Ang,Jolly,ang_jo@autozone-inc.info
Shin,Fenn,sh.fenn@careful-organics.org
Dextra,Tamura,dextrtamu@diaperstack.com
Terry,Gipe,te_gip@progressenergyinc.info
Yamini,Hollowell,yaminiholl@careful-organics.org
Mary-Ellen,Flagg,marye_fla@consolidated-farm-research.net
Beda,Harley,bed-har@egl-inc.info
Gregory,Baker,baker-greg@gmail.com
Gregory,Gonzalez,gg7836@aol.com
Gregory,Scott,gscott@gmail.com
Gregory,Collins,gregcollins@gmail.com
Gregory,Sanders,gregory_sanders@gmail.com
Gregory,Brooks,gbrooks@gmail.com
Gregory,Price,gregprice@outlook.com
Gregory,Morgan,morggreg@gmail.com
Bryson,James,baj432@gmail.com
Bryson,Watson,watson-bryson@gmail.com
Bryson,Kelly,kelly-bryson@gmail.com
Bryson,Cook,bryson-cook@yahoo.com
Bryson,Torres,brysont23@gmail.com
Bryson,Wood,brysonwood@yahoo.com
Bryson,Barnes,bb389@outlook.com
Bryson,Ross,rossb654@gmail.com
Circe,Tucci,circ-tucci@progressenergyinc.info
Axel,Nawrocki,axe.nawrock@careful-organics.org
Zigmond,Cress,zigmo.cre@progressenergyinc.info
Jerrica,Karlin,jerr.karlin@acusage.net
Cloris,Gipe,clgip@progressenergyinc.info
Clematis,Roussel,clematrous@autozone-inc.info
Kemal,Cipolla,kemal-ci@consolidated-farm-research.net
Danu,Ussery,danu-usser@careful-organics.org
Ondine,Hartwell,ondihartw@diaperstack.com
Prasert,Fernald,prfern@progressenergyinc.info
Kelvin,Viveiros,kel_viv@progressenergyinc.info
Theone,Colorado,theon_colorad@arvinmeritor.info
Hala,Petrus,hal_pe@careful-organics.org
Alison,Kale,alison-kale@careful-organics.org
Zoran,Casella,zorcasella@autozone-inc.info
Porter,Gallaway,po.gallaway@progressenergyinc.info
Vyvyan,Nystrom,vyv.nys@consolidated-farm-research.net
Tawny,Ivy,tawiv@acusage.net
Phillida,Gladden,ph_gl@consolidated-farm-research.net
Tania,Arias,tan.arias@progressenergyinc.info
Helene,Rigby,hel_rigby@consolidated-farm-research.net
Dempster,Brack,dembrack@arvinmeritor.info
Jehosophat,Renaud,jerenau@autozone-inc.info
Ormond,Rigby,ormon_rigb@diaperstack.com
Mohan,Kale,mo-ka@careful-organics.org
Alberich,Beach,al-beach@arvinmeritor.info
Isabella,Hernandez,hernandezgreen@gmail.com
Isabella,Rogers,imr5439@gmail.com
Isabelle,Green,isabellalovesschool@gmail.com
Isabella,Loveless,loveless7639@gmail.com
Maggie,Seamans,mag_seaman@consolidated-farm-research.net
Evadne,Montemayor,eva_montem@progressenergyinc.info
Medord,Pelfrey,mepel@arvinmeritor.info
Dohna,Shavers,dohsha@autozone-inc.info
Leoma,Bunn,le.bun@arvinmeritor.info
Eloy,Luz,elo_lu@consolidated-farm-research.net
Janus,Fox,janus.fo@arvinmeritor.info
Lyra,Holloway,lyra.ho@arvinmeritor.info
Namdev,Weisz,namd.we@autozone-inc.info
Privrata,Bunn,privratbun@arvinmeritor.info
Becan,Lunsford,beca.lunsf@diaperstack.com
Vamana,Greer,vamangre@careful-organics.org
Eknath,Barlow,ekba@careful-organics.org
Ciannait,Mccurdy,ciannmccur@arvinmeritor.info
Thea,Saito,thesait@autozone-inc.info
Demetria,Reynolds,deme.reynol@arvinmeritor.info
Shigekazu,Joiner,shigejoine@egl-inc.info
Escalus,Gipe,escal_gip@diaperstack.com
Loyal,Caceres,loya.ca@diaperstack.com
Madison,Barnes,madison-barnes@gmail.com
Madison,Coleman,coleman-madison@gmail.com
Madison,Long,long-madison@gmail.com
Madison,Hughes,madison-hughes@gmail.com
Jackson,Ross,ross-jackson@gmail.com
Jackson,Rivera,jar245@gmail.com
Jackson,Wood,woodbball@gmail.com
Jackson,Barnes,barnes-jackson@gmail.com
Cameron,Brown,brown_cam@gmail.com
Camerin,Black,blackfamily@outlook.com
Cameron,Welsh,cameron_w15@gmail.com
Cameron,Grove,grove_cameron@aol.com
Cameron,Williams,williams_cameron@gmail.com
Cameron,Davis,cameron_davis@gmail.com
Cameren,Garcia,garcia1331@gmail.com
Cameron,Miller,millerhouse@gmail.com
Cameron,Johnson,jcameron_12@outlook.com
Isabella,Reed,reed_isabella@gmail.com
Isabella,Stewart,isa_stewart@gmail.com
Isabella,Brookson,brooksonisa@illinois.edu
Isabella,Edwards,ie_0943@gmail.com
Cameron,Thompson,cameronthomp32@outlook.com
Hussein,Vandenheuvel,hussei-vandenh@careful-organics.org
Darren,Greer,darr-gr@autozone-inc.info
Henka,Luz,he_luz@egl-inc.info
Marisol,Stjohn,mar-stjohn@careful-organics.org
Ignatius,Knopf,ign.kno@autozone-inc.info
Merilyn,Trapp,me-tra@progressenergyinc.info
Cassandra,Sola,cassandrasol@progressenergyinc.info
Skelly,Vickery,skel.vicker@arketmay.com
Zeren,Vaillancourt,zervaill@arketmay.com
Kasey,Mardis,ka_mardis@arketmay.com
Pax,Saito,pasait@acusage.net
Dante,Pickel,dant.pi@careful-organics.org
Egeus,Denton,egeu_denton@careful-organics.org
Varick,Caceres,var-cacer@progressenergyinc.info
Miki,Gonzales,mi_gonzal@egl-inc.info
Tawny,Joiner,tawn-jo@consolidated-farm-research.net
Nazaret,Koop,na.koop@autozone-inc.info
Tawny,Peaslee,tawn.pea@diaperstack.com
Cynric,Gipe,cyn.gipe@arketmay.com
Balbina,Fimbres,balbi-fimbres@autozone-inc.info
Shako,Weisz,sha_weisz@progressenergyinc.info
Lenora,Lagunas,len-lagun@arvinmeritor.info
Lexine,Mccurdy,leximcc@egl-inc.info
Lexine,Lauderdale,lexi-lau@acusage.net
Juma,Hazzard,juma-hazz@egl-inc.info
Bernadette,Lauderdale,beradette_lauderdale@outlook.com
Patsy,Weight,pa.weigh@diaperstack.com
Tawny,Ogilvie,tawny-ogil@progressenergyinc.info
Finley,Lunsford,filuns@arvinmeritor.info
Thidias,Stiffler,thidia-stiffler@autozone-inc.info
Boyet,Latorre,boy_lato@consolidated-farm-research.net
Edwardo,Sauve,edwardo.sauve@arvinmeritor.info
Ordelia,Nott,ordeli.not@arketmay.com
Ishmael,Backus,ish_backus@acusage.net
Levente,Bradley,levent.brad@autozone-inc.info
Keon,Swann,ke_swa@consolidated-farm-research.net
Montgomery,Wingfield,mont-wingf@diaperstack.com
Inger,Nilson,inger.nil@egl-inc.info
Jamison,James,jj234@gmail.com
Jamison,Adams,jamison-adams@gmail.com
Jamison,Baker,jbaker@gmail.com
Jamision,Wilson,jwilson@gmail.com
Jamison,Roberts@jroberts@gmail.com
Jamison,Miller,jmiller24004@gmail.com
Jamison,Lee,jamison-lee@gmail.com
Jamison,Green,jgreen@yahoo.com
Kavi,Pounders,ka.pounders@egl-inc.info
Zubin,Whittemore,zubi.whit@acusage.net
Anneliese,Person,anneliperson@arketmay.com
Steffie,Rutz,ste_rut@acusage.net
Asenette,Krull,asene_kru@careful-organics.org
Elizabeth,Carter,carterelizabeth@yahoo.com
Elizabeth,King,king_elizabeth@gmail.com
Elizabeth,Grey,grey129043@gmail.com
Clemente,Carter,clementecarter@gmail.com
Clemente,Mitchell,clemente-mitchell@gmail.com
Clemente,Perez,clemente-perez@gmail.com
Clemente,Allen,clemente-allen@gmail.com
Clemente,Turner,clemente-turner@gmail.com
Clemente,Roberts,clemente-roberts@gmail.com
Clemente,King,clemente-king@gmail.com
Clemente,Young,clemente-young@gmail.com
Inger,Gilman,ing_gil@progressenergyinc.info
Rongo,Turney,ro.turney@egl-inc.info
Levi,Mang,levi.ma@acusage.net
Abram,Seabolt,abram-seabolt@progressenergyinc.info
Rongo,Kephart,ro.ke@diaperstack.com
Duff,Panek,duf_panek@egl-inc.info
Quentin,Yong,quenti_yon@egl-inc.info
Rebel,Bodkin,rebebodk@progressenergyinc.info
Dae,Galbraith,da-gal@progressenergyinc.info
Heidi,Fortin,heidifortin@arvinmeritor.info
Azra,Crisostomo,az-criso@diaperstack.com
Cerimon,Bethune,cerimo_bethun@progressenergyinc.info
Norbu,Farrington,nor.farrin@diaperstack.com
Aure,Steadman,austeadman@egl-inc.info
Argyll,Grider,argylgri@arketmay.com
Zebina,Paden,zebi_pade@arketmay.com
Randal,Larimer,ran_larim@egl-inc.info
Raven,Forst,raven-fors@consolidated-farm-research.net
Nikita,Murch,niki-murch@acusage.net
Aster,Brown,brownaster@yahoo.com
Aster,Phillips,phillipsaster@gmail.com
Aster,Campbell,campbellsoup21@gmail.com
Aster,Howard,howard123aster@gmail.com
Aster,Parker,astersoccer@gmail.com
Aster,Thompson,at12@yahoo.com
Aster,Morris,amorris4753@gmail.com
Marcello,Nanni,nannimarc@gmail.com
Marcello,Rodrigues,marcrod@gmail.com
Marcello,Lewis,mlewis39@gmail.com
Marcello,Walker,marcello-walker@yahoo.com
Marcello,Carter,marcello-carter@gmail.com
Marcello,Nelson,nelson_marc@gmail.com
Marcello,Mitchell,marcello2345@gmail.com
Marcello,King,kingmarcello@gmail.com
Aster,Cook,acook2121@gmail.com
Kismet,Stiner,kismestin@arketmay.com
Hendy,Millsap,hendy_millsa@careful-organics.org
Cala,Swann,ca.swann@egl-inc.info
Hendy,Blasingame,hendbl@acusage.net
Carver,Reagan,carv-rea@autozone-inc.info
Teagan,Gunnell,teaga_gunn@diaperstack.com
Trisha,Fleisher,trisfle@acusage.net
Flint,Fleisher,flifleish@diaperstack.com
Randal,Nilson,rand_ni@arketmay.com
Madison,Butler,mads-butler@gmail.com
Madison,Washington,madwashington@gmail.com
Madison,Simmons,simmonsmadison@gmail.com
Madison,Ross,mar2440@gmail.com
Flint,Porter,flin.porte@acusage.net
Sachiko,McSpadden,sa.mcspad@diaperstack.com
Samirah,Boozer,samiboo@diaperstack.com
Pasang,Timm,pasa.tim@careful-organics.org
Dharma,Murch,dha_mur@consolidated-farm-research.net
Baul,Soni,baul_so@progressenergyinc.info
Joakima,Soni,joasoni@acusage.net
Astera,Cortez,asteraco@consolidated-farm-research.net
Jehan,Morrison,jehan-mo@progressenergyinc.info
Stowe,McCubbin,stowmccubbin@consolidated-farm-research.net
Thrandr,Dingus,thr.di@acusage.net
Yetta,Skidmore,ye.skidmor@autozone-inc.info
Vandana,Boltz,vand_boltz@egl-inc.info
Steffan,Lines,steffan.lines@egl-inc.info
Orlanda,Bober,orland_bob@arketmay.com
Tainn,Bolin,ta.boli@careful-organics.org
Frank,Price,frank-price@gmail.com
Frank,Henderson,hendersonf@gmail.com
Frank,Cooper,fcoop390@gmail.com
Frank,Barnes,barnes-frank@gmail.com
Frank,Bennett,bennettfrank@gmail.com
Frank,Lewis,flewis@gmail.com
Frank,Nelson,franknels@gmail.com
Frank,Moore,fmoor@yahoo.com
Fleur,Cammack,fleu_cam@careful-organics.org
Sherry,Englert,sh-englert@careful-organics.org
Fenn,Giesler,fenn.gie@arvinmeritor.info
Alvin,Her,alhe@arvinmeritor.info
Elizabeth,Brown,ebrown0934@outlook.com
Elizabeth,Eagerton,tangoboy254@gmail.com
Elizabyth,Edgewood,edgewoodelizabeth@aol.com
Elizabeth,Allen,ega2002@gmail.com
Elizabeth,Lee,lee0898_lax@outlook.com
Elizabeth,Mitchel,em34@gmail.com
Elizabeth,Scott,scottelizabeth@gmail.com
Elizabeth,Hall,hall-elizabeth@gmail.com
Elizabeth,Nelson,nelson_eliza@outlook.com
Elizabeth,Phillips,phillips_e2007@outlook.com
Wellington,Fiscus,welling-fisc@autozone-inc.info
Johnny,Deoliveira,jo.deolive@diaperstack.com
Jackson,Henderson,jackson-henderson@gmail.com
Jackson,Green,jackson-green@gmail.com
Jackson,Coooper,jackson-cooper@gmail.com
Jackson,Jenkins,jackson-jenkins@gmail.com
Narayan,Liberman,nar_li@autozone-inc.info
Neddy,Cumberland,neddy.cumber@acusage.net
Dani,Harting,danihart@egl-inc.info
Cory,Agudelo,co_agudel@consolidated-farm-research.net
Woodley,Doolittle,woodl.doo@consolidated-farm-research.net
Tarcal,Henke,tarhen@arketmay.com
Filbertha,Beeson,filbe_beeso@diaperstack.com
Xaviera,Jemison,xavier.jemis@arketmay.com
Lytton,Hodgin,ly.hodgi@egl-inc.info
Lela,Drury,le.dr@arketmay.com
Lacy,Seger,la.sege@arketmay.com
Adima,Sclafani,adi.sclafa@arvinmeritor.info
Naimish,Harrington,naim-ha@arvinmeritor.info
Mariasha,Roten,ma-rot@arvinmeritor.info
Bhupen,Foreman,bhu.fo@diaperstack.com
Anshu,Burner,ans-bu@arketmay.com
Akello,Wager,akellwager@egl-inc.info
Ascot,Harjo,asharjo@autozone-inc.info
Mariasha,Raines,maraine@egl-inc.info
Nico,Delfino,nic-delfin@egl-inc.info
Oxford,Morejon,oxford.morej@consolidated-farm-research.net
Hasina,Elam,hasina.elam@acusage.net
Hal,Manns,ha.man@egl-inc.info
Morgan,Black,blackmorgan@gmail.com
Morgan,Price,morgmorg1278@gmail.com
Morgan,Murphy,morganpup@yahoo.com
Morgan,Exley,exleymorgan2749@gmail.com
Ivor,Ralph,ivo.ral@acusage.net
Bram,Brickey,br.bric@careful-organics.org
Tenzin,Christian,te_christ@diaperstack.com
Faye,Adorno,fa.ado@progressenergyinc.info
Venus,Rochon,ven.roch@careful-organics.org
Ambler,Allyn,ambler.allyn@diaperstack.com
Leann,Roten,leann_ro@arketmay.com
Csenger,Christian,cse.chri@autozone-inc.info
Janell,Pound,janell.poun@progressenergyinc.info
Odelia,Sclafani,odesclafani@progressenergyinc.info
Leonato,Jankowski,leo.jan@arvinmeritor.info
Kelsey,Cunningham,kelscunningh@autozone-inc.info
Brand,Westra,bra_we@arketmay.com
Darby,Doerr,darbdoer@autozone-inc.info
Janell,Reimann,jan.reiman@autozone-inc.info
Tainn,Cammack,tai-cam@autozone-inc.info
Chiquita,Giesler,chiqu.gi@diaperstack.com
Dani,Henke,dahenke@arvinmeritor.info
Cypriana,Catoe,cypriacat@acusage.net
Flower,Hensler,flow_hensl@careful-organics.org
Ram,Lowrie,ra.lowrie@arvinmeritor.info
Kemp,Deutsch,kem-deu@careful-organics.org
Wasim,Brodeur,wasim.brodeu@consolidated-farm-research.net
Wesley,Ketterer,wesley_ke@diaperstack.com
Sangita,Leake,san_lea@careful-organics.org
Coralia,Diaz,coralidi@progressenergyinc.info
Fagan,Inskeep,fa_ins@arketmay.com
Bron,Kahn,brkahn@arvinmeritor.info
Cora,Bland,cor.bl@arketmay.com
Helima,Gholston,he.gholston@autozone-inc.info
Burl,Hensler,bu_he@arvinmeritor.info
Qamra,Ibarra,qam.ib@arketmay.com
Bron,Adkinson,bron-adkinso@autozone-inc.info
Hiriwa,Adcock,hiriwaadc@arketmay.com
Morgan,Shire,mes_897@yahoo.com
Morgan,Griffin,morgan_griffin@gmail.com
Morgan,Coleman,coleman-morgan@gmail.com
Morgan,Jenkins,jenky_m@gmail.com
Spalding,Bonk,spa_bonk@egl-inc.info
Barbara,Ladwig,bar_ladwi@arketmay.com
Cora,Waldon,cor.waldo@autozone-inc.info
Ace,Lockwood,ace_lockwo@egl-inc.info
Accalia,Streetman,ac.streetman@arvinmeritor.info
Skipper,Way,skipp.wa@arvinmeritor.info
Leila,Blackburn,lei-blackb@diaperstack.com
Loris,Goldner,loris_goldne@careful-organics.org
Prunella,Fultz,prunellaful@diaperstack.com
Payton,Kober,paytokobe@progressenergyinc.info
Bian,Nutter,bia_nu@acusage.net
Cameron,Butterfield,butterfield12@gmail.com
Cameron,Green,camcamsoccer@gmail.com
Cameron,Harris,charris89@gmail.com
Cameron,Clark,cc1313@gmail.com
Cameron,Thomas,thomasc@gmail.com
Cameron,Martin,martinmartinmartin@gmail.com
Cameron,White,cameronlovesbball@gmail.com
Cameron,Anderson,canderson_soccer@gmail.com
Cameron,Whitely,camcam1839@gmail.com
Cameron,Jackson,cjackson80@outlook.com
Adesina,Vann,advann@autozone-inc.info
Tamsin,Osman,tam_os@autozone-inc.info
Rodolfo,Southard,rodol-sou@progressenergyinc.info
Lachlan,Hann,lac.han@autozone-inc.info
Raimy,Sasse,ra_sas@egl-inc.info
Huntley,Work,huwork@egl-inc.info
Euan,Jobe,euan.job@careful-organics.org
Penney,Goble,pe.go@egl-inc.info
Lissa,Kish,liski@careful-organics.org
Carlene,Granger,ca-grang@arketmay.com
Mordred,Bevins,mordred.bev@acusage.net
Sangita,Saelee,sang-saelee@progressenergyinc.info
Arvad,Volpe,ar.volp@acusage.net
Dorian,Drexler,doria.dre@egl-inc.info
Ayer,Morgenstern,aymorge@diaperstack.com
Efrosini,Merz,efrosin_me@progressenergyinc.info
Prunella,Kahn,prunel.kahn@consolidated-farm-research.net
Aster,Ketterer,asteket@progressenergyinc.info
Amisha,Escoto,amish.escoto@acusage.net
Lyndal,Jobe,ly-jo@progressenergyinc.info
Lissa,Barcenas,lisbarcen@diaperstack.com
Pancrazio,Lathrop,pancr.lat@progressenergyinc.info
Priam,Strickland,pri-strickl@autozone-inc.info
Lyre,Rafferty,lyr_raffer@autozone-inc.info
Aidan,Qualls,aiqual@autozone-inc.info
Bhishma,Shull,bhishm-shul@arvinmeritor.info
Alan,Polen,al_po@diaperstack.com
Gallagher,Hively,gal.hively@progressenergyinc.info
Prashanti,Richie,prashan-richie@consolidated-farm-research.net
Amberley,Maynor,ambmay@progressenergyinc.info
Maynard,Iraheta,mairahe@autozone-inc.info
Polly,Asuncion,poas@progressenergyinc.info
Anu,Buzzard,an.bu@progressenergyinc.info
Medilion,Magill,medil_ma@acusage.net
Maybelle,Emig,mayb.emig@careful-organics.org
Claudette,Ruane,claudet_ru@arketmay.com
Botan,Furness,bota.fur@arketmay.com
Maree,Ocon,mareocon@consolidated-farm-research.net
Sharmistha,Buchanan,sharm_buc@arvinmeritor.info
Packard,Ruane,packaruan@careful-organics.org
Mangena,Richie,man.richie@autozone-inc.info
Quinney,Amezcua,qu.amezc@careful-organics.org
Avantika,Pegram,avantik_pegra@progressenergyinc.info
Elizabeth,Grey,eliz_grey@gmail.com
Shaman,McInerney,shaman.mciner@careful-organics.org
Linnet,Pauly,lin.pa@progressenergyinc.info
Sakura,McAuliffe,sak-mcauliff@arvinmeritor.info
Sanjna,Poole,sanjna_poole@progressenergyinc.info
Ira,Nolin,ir.noli@arvinmeritor.info
Araminta,Myers,aram.mye@consolidated-farm-research.net
Sergius,Kahler,sergiu_kah@consolidated-farm-research.net
Pusan,Hedger,pu-hed@arvinmeritor.info
Binyamin,Mikesell,binyami_mike@diaperstack.com
Nadia,Hales,nadia.hale@consolidated-farm-research.net
Mariamne,Soliman,maria.so@arketmay.com
Maddox,Galang,maddox-galan@consolidated-farm-research.net
Meggie,Klem,meggie-kl@autozone-inc.info
Brina,Shulman,br-sh@consolidated-farm-research.net
Azarni,Stribling,aza.stri@arvinmeritor.info
Neal,McInerney,ne.mcinerney@arvinmeritor.info
Stacie,McKee,sta.mcke@arketmay.com
Torie,Maggard,torie-maggar@acusage.net
Raelin,Pipkins,raeli.pip@autozone-inc.info
Lotus,Franzen,lotufranze@autozone-inc.info
Linnet,Straley,li-stral@progressenergyinc.info
Sundeep,Holmquist,sundeep.holmq@acusage.net
Kadosa,Dryden,kadosa.dry@arvinmeritor.info
Pusan,Parker,pusan-park@diaperstack.com
Delwyn,Mahmood,delwymahm@autozone-inc.info
Piet,Conyers,pie.co@progressenergyinc.info
Gautama,Deberry,gauta.de@egl-inc.info
Sheridan,Hotaling,sheridan.hot@careful-organics.org
Ute,Fenton,utefen@careful-organics.org
Lacy,Eckman,lac-eck@acusage.net
Nimmi,Bernhardt,nimmibe@arketmay.com
Aeneas,Nolin,aenenol@careful-organics.org
Lola,Hedger,lol.hedge@careful-organics.org
Elida,Schutte,elida_schu@careful-organics.org
Sundeep,Scotto,sundee.sco@egl-inc.info
Saundarya,Eckhoff,sau_eckh@careful-organics.org
Mopsa,Stribling,mops-str@acusage.net
Dina,Campa,dina_cam@arvinmeritor.info
Chadwick,Myers,chadwic-myer@arvinmeritor.info
Zeeba,Lovins,zeeba.lov@autozone-inc.info
Adelphos,Lutes,adelphoslute@egl-inc.info
Ahnada,Neary,ahnad.ne@arvinmeritor.info
Danny,Mclain,danny.mclain@consolidated-farm-research.net
Gina,Klem,gi.klem@arketmay.com
Christos,Garces,christos-garce@consolidated-farm-research.net
Galor,Klem,galo-kle@egl-inc.info
Hartwin,Bartels,hartw_bar@arvinmeritor.info
Jed,Weymouth,jed.we@arketmay.com
Meggie,Mikesell,me.mike@diaperstack.com
Shafiq,Cosentino,sh-cosen@diaperstack.com
Suman,Siegrist,sum.sie@diaperstack.com
Flos,Brett,flo.bret@arketmay.com
Manisha,Dabbs,mani-da@diaperstack.com
Zia,Gremillion,ziagre@diaperstack.com
Juno,Fontaine,ju-fontain@egl-inc.info
Filbert,Hass,fi-hass@diaperstack.com
Lyndal,Reiner,lyn_rein@egl-inc.info
Feronia,Philips,fer-ph@careful-organics.org
Sonja,Crimmins,sonj-crimmin@arketmay.com
Alula,Burkey,alula.burk@careful-organics.org
Naveen,Vidal,naveen.vidal@autozone-inc.info
Devante,Sweeny,deswee@arketmay.com
Tenzin,Redman,te_re@progressenergyinc.info
Naveen,Parmar,nav.par@acusage.net
Sawyl,Jacobi,sawyl_jacob@arvinmeritor.info
Dacey,Lagunas,da_lagu@progressenergyinc.info
Winnie,Vidal,winnvida@diaperstack.com
Ranjan,Riojas,ranjrio@progressenergyinc.info
Laveda,Doty,lave-doty@arvinmeritor.info
Mackay,Brett,ma.bret@egl-inc.info
Sacha,Hosea,sa.hose@diaperstack.com
Sevati,Doty,sevatdot@autozone-inc.info
Zana,Standifer,za-sta@diaperstack.com
Manisha,Riojas,manish.rioj@autozone-inc.info
Derward,Muck,derwar_muc@autozone-inc.info
Nero,Hagan,ner.haga@progressenergyinc.info
Trusha,Dabbs,tru-dab@egl-inc.info
Leona,Villasenor,le_vi@acusage.net
Brunella,Gremillion,bru_gremillio@autozone-inc.info
Ehud,Lagunas,ehud_laguna@careful-organics.org
Leona,Zanders,le_zanders@diaperstack.com
Cupid,McCray,cupid.mccra@consolidated-farm-research.net
Gardenia,Bernardo,gardeniabernar@progressenergyinc.info
Sraddha,Fincham,sradd_fincha@autozone-inc.info
Jimmie,Sawyer,jimm.sawye@arketmay.com
Wakanda,Forde,wa.fo@arvinmeritor.info
Ondine,Liu,ondili@acusage.net
Grover,Aldridge,grove_ald@consolidated-farm-research.net
Subhangi,Redman,subhang.redma@autozone-inc.info
Similien,Henrichs,simili.henr@egl-inc.info
Yasar,Zebrowski,yasarzeb@arketmay.com
Harish,Stringer,har_st@arvinmeritor.info
Aleser,Muck,almuck@arketmay.com
Inger,Housman,inge.hous@acusage.net
Curio,Totten,curtott@arvinmeritor.info
Debbie,Mote,debb-mo@progressenergyinc.info
Leora,Scharff,leor-sc@progressenergyinc.info
Edmond,Bodner,ed_bod@careful-organics.org
Lesley,Chiasson,les.ch@arketmay.com
Helmut,Miyashiro,helmut_miyash@egl-inc.info
Jeremias,Seyler,jeremi.seyle@arketmay.com
Sripada,Cao,sr.ca@careful-organics.org
Vega,Benes,ve.be@autozone-inc.info
Ondine,Leeds,ond.leeds@consolidated-farm-research.net
Arvad,Isley,arvad.is@acusage.net
Abra,Boyle,abra.boyl@acusage.net
Taima,Kafka,taikaf@careful-organics.org
Howard,Lindeman,ho.lindem@acusage.net
Allister,Montijo,alli-montijo@egl-inc.info
An,Hummel,anhummel@egl-inc.info
Cyric,Byer,cyri.byer@arvinmeritor.info
Nanako,Pak,napak@diaperstack.com
Cristiano,Seyler,cristseyl@egl-inc.info
Rayma,Westbrooks,rawestbro@acusage.net
Delphine,Quillen,delphi-quille@careful-organics.org
Desiderio,Viator,deside_via@arvinmeritor.info
Candace,Kafka,ca_kaf@diaperstack.com
Vega,Underwood,vega.underw@careful-organics.org
Shahar,Tingle,shaha.tingle@consolidated-farm-research.net
Kadosa,Davila,kados_davila@progressenergyinc.info
Lucine,Bankhead,lu-ba@arketmay.com
Ondine,Nell,ondin.nel@acusage.net
Rhodri,Wooley,rhodri-wooley@progressenergyinc.info
Shobhna,Cape,sh-cape@arvinmeritor.info
Beldon,Compean,beld-compean@diaperstack.com
Vega,Pak,ve.pak@diaperstack.com
Hine,Ruvalcaba,hin_ruvalcaba@egl-inc.info
Gilana,Rojas,gilanaroj@consolidated-farm-research.net
Harding,Widman,harding.widma@acusage.net
Hanna,Folger,han_folge@progressenergyinc.info
Jannali,Caver,ja.cave@arvinmeritor.info
Jorgen,Guillory,jo.guillory@consolidated-farm-research.net
Sharney,O'Connor,sharney-oco@acusage.net
Kartikeya,Heaton,kartike.heat@arvinmeritor.info
Janus,Standridge,jan.standridge@arvinmeritor.info
Arvad,Iversen,arv-iverse@careful-organics.org
Eurwen,Lombardo,eur.lo@acusage.net
Asija,Brann,asbra@progressenergyinc.info
Abra,Santora,abra_santora@diaperstack.com
Paco,Heaton,pa_heat@arvinmeritor.info
Lamech,Balint,la.ba@acusage.net
Rylie,Dunlap,rylidunla@progressenergyinc.info
Randie,Martinelli,ra.martinell@diaperstack.com
Irina,Carranza,ir_ca@careful-organics.org
Shobhna,Tidwell,shob-tidwell@acusage.net
Abra,Linn,abra.linn@diaperstack.com
Branwen,Bieber,branwe.biebe@careful-organics.org
Kellen,Lane,kell.lan@acusage.net
Lucine,Tiller,luctil@careful-organics.org
Malavika,Kircher,maki@arketmay.com
Meredith,Heller,mheller5@nd.edu
Kaitlyn,Fare,kfare@nd.edu
Meghan,Novak,mnovak@nd.edu
Jack,Galassi,jgalassi@nd.edu
Jack,Schler,jschler@nd.edu
Sofia,Lombardo,slombardo@nd.edu
Sofia,Zitella,szitella@nd.edu
